{
  "frame_level": {
    "youden": 0.832505464553833,
    "fpr_1pct": 0.9484363198280334,
    "fpr_5pct": 0.8042656183242798,
    "fixed_0.5": 0.5
  },
  "video_level": {
    "youden": 0.7163702845573425,
    "fpr_1pct": 0.7695065140724182,
    "fpr_5pct": 0.6823065876960754,
    "fixed_0.5": 0.5
  }
}